,Country,Industry,Gas_Type,F2010,F2011,F2012,F2013,F2014,F2015,F2016,F2017,F2018,F2019,F2020,F2021
45,Africa,"Agriculture, Forestry and Fishing",Carbon dioxide,5.48334649,5.56160862,6.16135926,6.640417373,7.062051526,7.206353556,7.88014775,8.532024372,8.593665082,8.963838296,9.367897161,11.34984767
46,Africa,"Agriculture, Forestry and Fishing",Greenhouse gas,691.7087208,703.3878948,731.4277178,746.5060929,760.0725015,774.7692823,797.7743578,804.5504182,820.2422769,824.1640092,746.0126781,765.9980841
47,Africa,"Agriculture, Forestry and Fishing",Methane,456.9428863,464.7009849,484.4941275,492.6682685,502.0257792,511.8961092,527.0850257,528.4057867,540.7229562,543.1843829,490.431554,519.403035
48,Africa,"Agriculture, Forestry and Fishing",Nitrous oxide,229.282488,233.1253012,240.772231,247.1974071,250.9846707,255.6668196,262.8091843,267.6126072,270.9256556,272.015788,246.213227,235.2452015
49,Africa,Construction,Carbon dioxide,113.268164,108.7017455,109.8292651,110.0574954,109.9986371,107.8963541,107.6467091,109.1209004,111.2199099,112.5991371,106.0641104,99.62761853
50,Africa,Construction,Greenhouse gas,286.4561895,273.0185092,282.9705114,272.7498443,270.686032,267.7292016,261.8469037,269.2046577,269.850484,271.4236054,254.9082936,238.7604032
51,Africa,Construction,Methane,172.3483004,163.4939837,172.2919934,161.8126991,159.8447882,158.9903585,153.3454136,159.2222399,157.7655685,157.9519066,148.0391889,138.3402931
52,Africa,Construction,Nitrous oxide,0.83972509,0.822780025,0.849252895,0.879649786,0.842606724,0.842489102,0.854780995,0.861517493,0.865005603,0.87256166,0.804994287,0.792491554
53,Africa,"Electricity, Gas, Steam and Air Conditioning Supply",Carbon dioxide,420.1795811,413.2266923,439.090897,447.4665334,475.4229338,472.8285345,471.3411087,464.6934423,493.8037684,506.573111,485.9745653,524.927705
54,Africa,"Electricity, Gas, Steam and Air Conditioning Supply",Greenhouse gas,426.4594622,419.5347198,445.740995,454.3888162,482.5995688,479.9926549,478.6196236,472.0144126,501.3068427,514.1606605,492.9808375,530.935117
55,Africa,"Electricity, Gas, Steam and Air Conditioning Supply",Methane,0.222652849,0.239186254,0.258003272,0.262513178,0.278722546,0.291117998,0.289255002,0.292745104,0.318443129,0.318425346,0.296546939,0.304112273
56,Africa,"Electricity, Gas, Steam and Air Conditioning Supply",Nitrous oxide,6.05722818,6.06884127,6.392094722,6.659769683,6.897912476,6.873002446,6.989259981,7.028225138,7.184631141,7.269124119,6.709725312,5.703299713
57,Africa,Manufacturing,Carbon dioxide,197.7281383,197.055458,207.2560243,208.2699778,213.8605833,214.0760331,223.9460449,235.9652087,254.0681511,238.8807141,232.4305917,255.7437543
58,Africa,Manufacturing,Fluorinated gases,32.92160568,33.34126624,34.07502362,35.09310597,38.13733943,41.88599401,47.40136441,52.74590273,59.21091908,59.16811074,55.17888306,55.5195779
59,Africa,Manufacturing,Greenhouse gas,278.8879812,279.902237,295.9679973,298.939103,308.8488892,313.1324489,329.8146392,349.0473266,374.3379583,359.58104,344.1013632,365.5204171
60,Africa,Manufacturing,Methane,34.20103775,35.37889033,40.19285974,40.80095844,41.93230275,42.17970576,43.30658659,45.05413046,45.59992135,46.27416138,42.25958879,40.47645311
61,Africa,Manufacturing,Nitrous oxide,14.03719953,14.12662244,14.44408956,14.7750608,14.91866367,14.99071602,15.16064336,15.28208468,15.4589668,15.25805377,14.23229962,13.7806318
62,Africa,Mining,Carbon dioxide,76.83113185,75.16269844,75.03493439,76.67402307,77.43917664,75.14296676,75.59181686,76.95756289,79.32475923,79.84672444,73.70721293,69.30989922
63,Africa,Mining,Greenhouse gas,94.58509353,93.45713535,95.7433607,97.76937722,99.05283879,96.89933507,97.9267209,100.1647537,102.8132613,103.6816648,95.47618433,90.15259031
64,Africa,Mining,Methane,17.06681346,17.61187834,20.00475334,20.35528571,20.90713247,21.05072454,21.61393596,22.48006539,22.75670647,23.09626685,21.08925195,20.18910309
65,Africa,Mining,Nitrous oxide,0.687148227,0.682558564,0.703672965,0.74006844,0.706529685,0.705643774,0.720968083,0.7271254,0.731795625,0.738673479,0.679719448,0.653587991
66,Africa,Other Services Industries,Carbon dioxide,103.081414,106.0980504,115.6316855,126.0533821,130.8275551,131.2895389,133.8458461,140.0783894,147.0123731,149.2025996,131.5248777,144.018828
67,Africa,Other Services Industries,Fluorinated gases,2.212286999,2.206984042,2.15753497,2.233482823,2.309289923,2.361780956,2.429721114,2.526270298,2.63678402,2.637935594,2.45905274,2.447386335
68,Africa,Other Services Industries,Greenhouse gas,181.7794136,187.0466742,197.8477924,210.5885852,217.5527772,219.4637034,223.0470184,232.927898,240.0683996,243.4015051,218.2852939,210.9613778
69,Africa,Other Services Industries,Methane,74.5019654,76.69500862,77.95457302,80.12971474,82.17835104,83.5293003,84.43043529,87.92074756,87.95713749,89.06938468,82.00091444,62.4608826
70,Africa,Other Services Industries,Nitrous oxide,1.983747181,2.046631127,2.103998912,2.172005535,2.237581144,2.283083241,2.341015894,2.402490688,2.46210491,2.491585256,2.300449002,2.034280816
71,Africa,Total Households,Carbon dioxide,191.3728475,197.5057123,216.0980574,233.5768262,241.8437737,242.1697029,245.3121997,259.3064086,271.6857289,275.8806465,244.0322209,267.9180908
72,Africa,Total Households,Greenhouse gas,208.8087972,215.4326749,234.4777123,252.2962513,261.1083451,261.7326502,265.286864,279.8880414,292.5888849,297.0477084,263.5253071,284.9237902
73,Africa,Total Households,Methane,0.619344124,0.629146653,0.685982422,0.794409998,0.837287194,0.841739162,0.894096798,0.89903146,0.992525718,1.002103264,0.930041001,0.784638374
74,Africa,Total Households,Nitrous oxide,16.81660564,17.29781594,17.69367249,17.92501509,18.42728418,18.72120813,19.0805675,19.68260136,19.91063032,20.16495872,18.56304521,16.221061
75,Africa,Total Industry and Households,Carbon dioxide,1246.960845,1237.301321,1307.301838,1354.147881,1406.161106,1403.352118,1421.318247,1452.328881,1528.274322,1538.868218,1429.573145,1514.713658
76,Africa,Total Industry and Households,Fluorinated gases,35.13389268,35.54825028,36.23255859,37.32658879,40.44662936,44.24777497,49.83108552,55.27217303,61.8477031,61.80604633,57.6379358,57.96696423
77,Africa,Total Industry and Households,Greenhouse gas,2693.931976,2689.635746,2822.887502,2875.850921,2952.123376,2975.167976,3019.842159,3088.292528,3192.437097,3213.00786,2962.475206,3039.75344
78,Africa,Total Industry and Households,Methane,1125.47011,1125.467166,1178.433597,1174.981485,1190.89537,1207.423669,1220.251303,1246.303123,1263.485677,1271.970065,1165.946886,1173.803628
79,Africa,Total Industry and Households,Nitrous oxide,286.3671288,291.3190092,300.919508,309.3949667,314.6202705,320.1444136,328.4415242,334.3883522,338.8293957,340.36353,309.317239,293.2691901
80,Africa,Transportation and Storage,Carbon dioxide,97.70630567,96.40333242,99.41334516,107.8199102,113.0122651,115.8255325,119.609492,121.4060219,126.5424405,130.1454445,111.5121055,105.0733636
81,Africa,Transportation and Storage,Greenhouse gas,102.8093782,101.5320496,104.7599377,113.4752459,118.9033241,121.8549171,125.7657533,127.5666889,132.8860235,136.6795536,117.5989276,110.6153497
82,Africa,Transportation and Storage,Methane,0.561552573,0.566359488,0.592251714,0.630705018,0.646374302,0.667862665,0.696628333,0.690576955,0.720150585,0.766143762,0.756363048,0.837748337
83,Africa,Transportation and Storage,Nitrous oxide,4.541519962,4.562357729,4.754340804,5.024630633,5.2446847,5.361521909,5.459632955,5.470090079,5.623432504,5.767965329,5.330459065,4.704237824
84,Africa,"Water supply; sewerage, waste management and remediation activities",Carbon dioxide,41.30991567,37.5860229,38.78627023,37.58931505,36.69412976,36.91710217,36.14488154,36.26892197,36.02352538,36.77600297,34.95956381,36.74455104
85,Africa,"Water supply; sewerage, waste management and remediation activities",Greenhouse gas,422.43694,416.3238513,433.9514778,429.1376048,433.2990997,439.5937828,439.760278,452.9283313,458.3429658,462.8681132,429.5863204,441.8863107
86,Africa,"Water supply; sewerage, waste management and remediation activities",Methane,369.0055573,366.1517275,381.959053,377.5269301,382.2446327,387.9767512,388.5899253,401.337799,406.6522673,410.3072906,380.1434365,391.0073618
87,Africa,"Water supply; sewerage, waste management and remediation activities",Nitrous oxide,12.12146698,12.58610088,13.20615463,14.02135967,14.36033721,14.69992944,15.02547111,15.32161023,15.66717318,15.78481966,14.4833201,14.1343979
133,Asia,"Agriculture, Forestry and Fishing",Carbon dioxide,113.9185714,118.393592,107.7967398,108.0652265,103.9096021,112.0853379,109.778451,107.8521025,106.7711695,106.8229604,106.5101331,109.5704617
134,Asia,"Agriculture, Forestry and Fishing",Greenhouse gas,2845.217931,2883.997152,2885.157227,2902.924342,2878.060298,2910.327768,2918.479107,2935.802618,2941.458373,3075.611703,2998.238261,3186.666877
135,Asia,"Agriculture, Forestry and Fishing",Methane,1890.180634,1902.230565,1910.005157,1921.089388,1919.157227,1925.979687,1943.093774,1969.123339,1974.377209,2071.889702,2017.754715,2118.339709
136,Asia,"Agriculture, Forestry and Fishing",Nitrous oxide,841.118726,863.3729955,867.3553301,873.7697268,854.9934686,872.2627429,865.6068819,858.8271764,860.3099941,896.8990407,873.973413,958.7567063
137,Asia,Construction,Carbon dioxide,1454.539669,1521.197527,1550.651904,1571.873144,1602.221903,1596.666956,1548.827955,1548.142978,1588.554863,1625.398504,1617.135783,1703.09913
138,Asia,Construction,Greenhouse gas,1948.081253,2046.289331,2084.625628,2112.701877,2152.282839,2152.115937,2120.71936,2128.58052,2179.102801,2238.965953,2215.28645,2319.111095
139,Asia,Construction,Methane,487.6402008,518.9591651,527.7213284,534.6372623,543.7334693,549.1135584,565.8643204,574.5524139,584.5618589,607.4016408,592.0918978,609.5470778
140,Asia,Construction,Nitrous oxide,5.901383072,6.132638816,6.252395753,6.191470859,6.327466972,6.335422149,6.02708436,5.885128252,5.986079273,6.165808367,6.058768575,6.464887345
141,Asia,"Electricity, Gas, Steam and Air Conditioning Supply",Carbon dioxide,6479.179667,7119.958304,7475.948858,7803.11748,7898.958209,7882.620858,8052.248528,8404.598632,8637.602451,8772.523844,8660.220545,9267.24213
142,Asia,"Electricity, Gas, Steam and Air Conditioning Supply",Greenhouse gas,6556.341024,7203.20976,7563.034644,7892.697981,7990.62785,7972.358272,8144.536092,8501.10005,8735.448053,8871.832263,8757.510929,9376.187823
143,Asia,"Electricity, Gas, Steam and Air Conditioning Supply",Methane,14.54444117,14.60608825,14.36510922,14.22887912,14.98353955,14.44513275,14.97640093,15.18734171,14.94978631,15.00936713,14.50126127,15.90884801
144,Asia,"Electricity, Gas, Steam and Air Conditioning Supply",Nitrous oxide,62.6169158,68.64536835,72.72067699,75.35162163,76.6861019,75.29228182,77.31116309,81.31407698,82.89581573,84.29905132,82.78912337,93.0368452
145,Asia,Manufacturing,Carbon dioxide,4415.158692,4675.590929,4803.305671,4734.38189,4839.616283,4795.906664,4812.073882,4806.35731,4958.802634,5071.560988,5090.419741,5712.606257
146,Asia,Manufacturing,Fluorinated gases,371.8324629,407.390617,441.7553483,471.0068577,521.3109446,475.4555999,504.8372271,535.296607,571.8195065,584.5978698,580.353345,662.9204911
147,Asia,Manufacturing,Greenhouse gas,5124.987634,5456.566424,5626.826279,5586.07441,5747.104314,5649.879212,5681.720266,5717.293917,5906.362454,6048.415998,6057.17143,6776.440278
148,Asia,Manufacturing,Methane,281.9786384,316.0376129,323.458448,320.5148005,324.3864353,316.5754967,301.7240294,310.8271578,307.4137199,323.0461814,318.5223471,323.0383251
149,Asia,Manufacturing,Nitrous oxide,56.01784118,57.54726525,58.30681187,60.17086141,61.79065118,61.94145096,63.08512788,64.81284199,68.32659422,69.21095803,67.87599647,77.87520554
150,Asia,Mining,Carbon dioxide,1394.549146,1461.168817,1482.851153,1503.183493,1523.968,1516.181079,1462.597711,1463.114249,1505.737007,1546.699831,1540.20411,1623.237874
151,Asia,Mining,Greenhouse gas,1555.161955,1640.172926,1664.60768,1682.744092,1705.566316,1689.52081,1630.841493,1634.00036,1676.388327,1726.80266,1717.631788,1801.763726
152,Asia,Mining,Methane,155.0871892,173.2523164,175.9261617,173.8217951,175.8337061,167.5672906,162.8143056,165.6046827,165.261293,174.5393414,171.9479702,172.6631685
153,Asia,Mining,Nitrous oxide,5.525619858,5.75179233,5.83036529,5.738803979,5.764610451,5.772440418,5.429476622,5.281428658,5.390026787,5.563487725,5.479708215,5.862683072
154,Asia,Other Services Industries,Carbon dioxide,899.3150314,925.901143,971.0319061,1017.874961,1038.306027,1104.798756,1120.615128,1150.01325,1173.131076,1180.578943,1094.603831,1169.403886
155,Asia,Other Services Industries,Fluorinated gases,8.202477484,9.581985806,10.52542796,12.28373846,14.10248509,15.86417603,17.8374992,20.52369736,23.27882075,23.8042908,23.75405236,28.26824238
156,Asia,Other Services Industries,Greenhouse gas,1099.164881,1126.077998,1171.317532,1217.49679,1238.398258,1302.79765,1319.122597,1348.485814,1376.316099,1391.068951,1300.679349,1398.878599
157,Asia,Other Services Industries,Methane,183.8787471,182.4479721,181.2228466,178.4714683,176.9292954,173.0231834,171.5466255,168.5993879,170.4639574,177.0043996,173.2949542,190.9044069
158,Asia,Other Services Industries,Nitrous oxide,7.768625,8.146896623,8.537351761,8.866622529,9.060450949,9.111534233,9.123344273,9.34947826,9.442244093,9.681317288,9.026511718,10.30206424
159,Asia,Total Households,Carbon dioxide,1757.146839,1838.638015,1919.623491,1963.004547,2000.526165,2041.894721,2087.232761,2146.964411,2187.185022,2246.698821,2164.14094,2338.502703
160,Asia,Total Households,Fluorinated gases,1.67168562,3.097566264,4.162466528,5.739171037,7.364042766,8.964212494,10.77493632,13.13922133,15.56825436,15.89241691,16.11194508,19.8552732
161,Asia,Total Households,Greenhouse gas,1820.593755,1905.324979,1988.953402,2034.233592,2074.551577,2116.588965,2163.402897,2227.577775,2271.450324,2333.708937,2249.688375,2432.975157
162,Asia,Total Households,Methane,10.76241737,11.12757145,11.55892568,11.50545208,12.44164349,11.82727216,12.26516594,13.43496269,13.74900298,14.24787769,13.98337714,15.15039524
163,Asia,Total Households,Nitrous oxide,51.01281349,52.46182636,53.60851882,53.98442167,54.21972604,53.90275968,53.13003362,54.03918038,54.94804477,56.8698216,55.45211275,59.46678581
164,Asia,Total Industry and Households,Carbon dioxide,17432.90389,18621.03071,19317.7773,19743.34743,20111.76016,20191.93681,20370.19824,20868.2326,21431.08175,21873.54363,21486.38864,23242.57834
165,Asia,Total Industry and Households,Fluorinated gases,395.4956341,436.884178,479.0053729,517.4765682,573.9459088,534.2801381,570.5266102,609.3434438,654.285046,668.800764,664.8795684,759.6478048
166,Asia,Total Industry and Households,Greenhouse gas,23247.93119,24664.70814,25469.70927,25985.48005,26443.90889,26519.15771,26779.3056,27391.42118,28051.28735,28762.57151,28221.7706,30543.22929
167,Asia,Total Industry and Households,Methane,4303.023358,4455.72334,4509.285675,4547.562603,4593.997276,4611.283419,4659.884329,4732.489115,4774.514169,4982.828146,4864.055265,5214.220516
168,Asia,Total Industry and Households,Nitrous oxide,1116.50831,1151.069911,1163.640918,1177.093447,1164.205538,1181.657339,1178.696423,1181.356015,1191.40638,1237.398969,1206.447121,1326.782633
169,Asia,Transportation and Storage,Carbon dioxide,801.4425662,839.9803427,874.1823399,906.3194932,961.2643811,990.4859251,1019.581285,1079.04299,1111.892995,1161.022709,1047.793621,1149.7313
170,Asia,Transportation and Storage,Fluorinated gases,13.78900807,16.81400899,22.56213015,28.446801,31.16843635,33.99614965,37.07694761,40.38391811,43.61846437,44.50618654,44.66022591,48.60379811
171,Asia,Transportation and Storage,Greenhouse gas,849.231953,892.2315561,933.0107159,971.6142451,1031.009971,1063.47186,1096.557548,1161.045507,1198.511866,1251.148687,1136.672517,1247.47347
172,Asia,Transportation and Storage,Methane,5.47800662,5.893307258,6.136544368,6.174958515,6.809164176,7.023664143,7.332317661,7.808059558,8.042119441,8.687401486,8.697464774,10.10509961
173,Asia,Transportation and Storage,Nitrous oxide,28.52237208,29.54389716,30.12970146,30.67299238,31.76798956,31.96612106,32.56699759,33.81053875,34.95828735,36.93239045,35.52120588,39.03327291
174,Asia,"Water supply; sewerage, waste management and remediation activities",Carbon dioxide,117.6537057,120.2020425,132.3852357,135.5272008,142.9895938,151.296514,157.242538,162.1466791,161.4045341,162.2370269,165.3599405,169.1845961
175,Asia,"Water supply; sewerage, waste management and remediation activities",Greenhouse gas,1449.150803,1510.838014,1552.176157,1584.992725,1626.307462,1662.097234,1703.926241,1737.534614,1766.24905,1825.016355,1788.891499,2003.732265
176,Asia,"Water supply; sewerage, waste management and remediation activities",Methane,1273.473084,1331.168741,1358.891155,1387.118599,1419.722796,1445.728134,1480.26739,1507.351769,1535.695222,1591.002235,1553.261277,1758.563486
177,Asia,"Water supply; sewerage, waste management and remediation activities",Nitrous oxide,58.02401387,59.46723033,60.89976613,62.3469254,63.59507265,65.07258582,66.41631348,68.03616552,69.14929413,71.77709308,70.27028133,75.98418299
401,Europe,"Agriculture, Forestry and Fishing",Carbon dioxide,140.8168969,140.7881136,133.0849445,135.9734917,139.7151483,135.4698528,138.208562,138.7571581,139.4238402,139.7284039,136.0144315,147.1447742
402,Europe,"Agriculture, Forestry and Fishing",Greenhouse gas,735.5762033,742.8275042,731.3513425,744.0899932,754.1123613,747.0314759,757.2294402,761.0078513,759.3630265,756.8425247,736.803105,797.9344859
403,Europe,"Agriculture, Forestry and Fishing",Methane,312.3657795,309.6655964,309.8233968,310.7850732,311.9886278,310.9842035,310.9413774,310.7666086,308.7109529,307.114321,299.087075,329.8692095
404,Europe,"Agriculture, Forestry and Fishing",Nitrous oxide,282.3935269,292.3737941,288.4430013,297.3314283,302.4085852,300.5774196,308.0795008,311.4840846,311.2282333,309.9997998,301.7015984,320.9205022
405,Europe,Construction,Carbon dioxide,88.93988604,94.29991815,96.14599199,93.48190381,93.06101977,97.57471014,102.047197,103.6967291,99.21922616,97.36726795,88.66140502,92.33725714
406,Europe,Construction,Greenhouse gas,90.84417748,96.37431923,98.20867938,95.49216513,95.15600264,99.71220873,104.2058444,105.8955771,101.480863,99.69481975,90.91637405,94.75765229
407,Europe,Construction,Methane,0.935037974,0.934109839,0.929656145,0.90931552,1.009963668,1.007795423,1.024155417,1.028039968,1.091241569,1.158395125,1.112949907,1.214657233
408,Europe,Construction,Nitrous oxide,0.96925347,1.140291236,1.133031247,1.100945803,1.085019202,1.129703172,1.134491969,1.170808007,1.170395283,1.169156674,1.142019123,1.20573792
409,Europe,"Electricity, Gas, Steam and Air Conditioning Supply",Carbon dioxide,2303.27752,2302.458144,2319.962881,2185.475462,2073.002376,1995.016916,1957.100415,1925.641693,1892.538706,1742.322588,1703.408699,1867.20596
410,Europe,"Electricity, Gas, Steam and Air Conditioning Supply",Greenhouse gas,2385.558861,2385.914195,2397.625025,2259.129985,2142.879096,2059.220194,2022.511899,1984.176496,1950.577951,1798.695343,1764.866598,1930.928478
411,Europe,"Electricity, Gas, Steam and Air Conditioning Supply",Methane,72.45836058,73.51132685,67.38616272,63.8795403,60.61819164,55.03098174,56.54414794,49.75270821,49.44750988,48.44660978,53.4085461,55.27783616
412,Europe,"Electricity, Gas, Steam and Air Conditioning Supply",Nitrous oxide,9.822980392,9.944723852,10.27598108,9.774981827,9.258528685,9.1722961,8.867335216,8.78209505,8.591734968,7.926144354,8.049352448,8.444681705
413,Europe,Manufacturing,Carbon dioxide,1428.952041,1433.603797,1404.532144,1377.946951,1345.378164,1327.790559,1329.667459,1362.529102,1360.718509,1357.89528,1281.932965,1328.104325
414,Europe,Manufacturing,Fluorinated gases,1.265706967,1.27580326,1.303676134,1.189877037,1.277175128,1.163519431,1.226544689,1.398134569,1.464538223,1.609893135,1.455011636,1.581200627
415,Europe,Manufacturing,Greenhouse gas,1494.338048,1497.342773,1464.892304,1433.257346,1399.487905,1379.877935,1381.436322,1416.671011,1416.971154,1414.956506,1336.428577,1386.15363
416,Europe,Manufacturing,Methane,31.06470386,33.22761876,32.097302,30.12018654,29.82337176,28.22740214,28.31061462,29.89976808,33.01956959,33.27270404,31.78940779,33.92135696
417,Europe,Manufacturing,Nitrous oxide,33.05559667,29.23555341,26.9591813,24.00033192,23.00919425,22.69645389,22.23170358,22.84400575,21.76853631,22.17862887,21.25119314,22.54674761
418,Europe,Mining,Carbon dioxide,116.9729739,116.6850397,114.746004,111.3426385,110.859842,114.1866932,118.5909977,122.2212649,122.388012,123.5626042,115.6062956,121.3867637
419,Europe,Mining,Greenhouse gas,335.7412229,335.9460891,333.7865825,320.8706297,311.2271546,307.2897168,310.7859222,311.6497061,319.9327787,315.6996279,297.394419,317.2589495
420,Europe,Mining,Methane,217.8106202,218.1561536,217.9961747,208.530798,199.3459956,192.0496031,191.1368443,188.3721839,196.4375815,190.9742873,180.6941029,194.7084708
421,Europe,Mining,Nitrous oxide,0.957628787,1.104895766,1.044403874,0.997193126,1.021317059,1.053420478,1.058080281,1.056257296,1.107185115,1.162736391,1.094020589,1.163715002
422,Europe,Other Services Industries,Carbon dioxide,346.9503203,328.5690933,323.0642317,316.7114066,297.0826436,307.3466096,310.5511343,311.1747576,305.2250874,300.8971088,294.5464092,294.6641946
423,Europe,Other Services Industries,Fluorinated gases,0.160243471,0.160991396,0.159790428,0.161961008,0.161974776,0.162720454,0.16325944,0.165147381,0.165415244,0.182115403,0.160376899,0.178574646
424,Europe,Other Services Industries,Greenhouse gas,361.7171311,342.8311888,337.4156399,330.9741874,311.3250661,321.0273779,324.1097197,324.5990425,318.0039808,313.9694386,307.0971861,307.7242682
425,Europe,Other Services Industries,Methane,9.441163198,9.086612819,9.331825846,9.348357789,9.415814543,8.95919849,8.726808771,8.418275846,7.681906058,7.807341687,7.516922212,7.798612212
426,Europe,Other Services Industries,Nitrous oxide,5.165404113,5.014491225,4.859791996,4.752462012,4.664633203,4.558849356,4.668517239,4.84086165,4.931572029,5.082872769,4.873477823,5.082886698
427,Europe,Total Households,Carbon dioxide,1228.522277,1169.263561,1157.04252,1174.714976,1120.908271,1152.119227,1169.305791,1179.993145,1201.462533,1196.047283,1094.177243,1217.8176
428,Europe,Total Households,Greenhouse gas,1265.010346,1202.647369,1191.742282,1208.977773,1152.660907,1183.925787,1200.734018,1211.450992,1232.448977,1226.550934,1122.198047,1247.578835
429,Europe,Total Households,Methane,24.6017379,22.36567563,23.54278393,23.16874893,21.10540034,21.16675967,21.10666562,21.0855342,20.65814863,20.13611787,18.49510898,19.82054318
430,Europe,Total Households,Nitrous oxide,11.88633186,11.01813269,11.15697838,11.09404839,10.64723591,10.63980042,10.32156121,10.3723124,10.32829509,10.36753291,9.525695083,9.940691578
431,Europe,Total Industry and Households,Carbon dioxide,6384.611796,6321.412431,6262.817783,6098.003588,5869.158434,5863.126183,5852.220366,5897.036848,5898.556996,5720.516843,5344.376538,5736.626649
432,Europe,Total Industry and Households,Fluorinated gases,1.425950438,1.436794656,1.463466562,1.351838045,1.439149904,1.326239885,1.389804129,1.56328195,1.629953467,1.792008538,1.615388535,1.759775273
433,Europe,Total Industry and Households,Greenhouse gas,7672.05189,7609.609029,7537.432075,7360.556344,7118.791265,7092.373117,7087.451006,7128.751434,7136.777077,6949.534067,6533.553057,7017.902685
434,Europe,Total Industry and Households,Methane,919.5601145,914.6932653,907.0114624,889.5476838,873.4229168,855.1201695,854.385961,846.1280748,853.5823548,845.3870564,817.7767922,886.8344703
435,Europe,Total Industry and Households,Nitrous oxide,366.4540294,372.0665381,366.1393636,371.6532343,374.770764,372.8005238,379.4548746,384.0232299,383.0077726,381.8381595,369.7843383,392.6817904
436,Europe,Transportation and Storage,Carbon dioxide,683.6503056,690.4313923,666.4225904,654.6332977,645.8575045,689.6435609,681.805719,707.3695014,732.0307091,718.2023974,587.2775542,624.1623176
437,Europe,Transportation and Storage,Greenhouse gas,704.3021816,711.3057384,687.2840277,675.6414083,666.9956489,711.8456264,704.6378403,729.8567678,754.1128304,740.7614479,608.2722479,646.2882421
438,Europe,Transportation and Storage,Methane,13.47182128,13.44782631,13.47848394,13.67402178,13.530036,14.1817249,14.77969019,14.0716754,13.24627591,13.69748208,13.35119835,14.15834025
439,Europe,Transportation and Storage,Nitrous oxide,7.180054685,7.426519829,7.38295332,7.334088851,7.608108414,8.020340571,8.052431127,8.415591079,8.835845398,8.861568455,7.643495356,7.967584318
440,Europe,"Water supply; sewerage, waste management and remediation activities",Carbon dioxide,46.5295756,45.31337126,47.81647466,47.72346035,43.29346517,43.97805443,44.94309,45.65349625,45.55037241,44.4939093,42.75153606,43.80345684
441,Europe,"Water supply; sewerage, waste management and remediation activities",Greenhouse gas,298.963718,294.4198523,295.1261922,292.1228561,284.9471227,282.4427951,281.8,283.4439909,283.8855163,282.3634261,269.5765033,289.2781442
442,Europe,"Water supply; sewerage, waste management and remediation activities",Methane,237.41089,234.2983451,232.4256764,229.1316417,226.5855155,223.5125006,221.8156567,222.7332806,223.2891687,222.7797975,212.3214809,230.065444
443,Europe,"Water supply; sewerage, waste management and remediation activities",Nitrous oxide,15.02325245,14.80813595,14.88404111,15.26775411,15.06814205,14.95224012,15.04125321,15.05721408,15.04597513,15.08971928,14.50348636,15.40924336
534,Latin America and the Caribbean,"Agriculture, Forestry and Fishing",Carbon dioxide,32.48736915,32.86146826,32.31278298,34.79294171,38.37684858,32.57726125,34.3626893,34.11552597,34.52902093,34.26818301,33.91362301,36.20803643
535,Latin America and the Caribbean,"Agriculture, Forestry and Fishing",Greenhouse gas,1015.040403,1032.008282,1033.09989,1054.574408,1070.987811,1074.076298,1089.296928,1089.450214,1085.749514,1070.687317,983.9049363,1073.576805
536,Latin America and the Caribbean,"Agriculture, Forestry and Fishing",Methane,682.8526115,691.0913316,696.0222336,702.5308858,708.1416111,715.6222053,719.5587299,716.7509971,716.0406818,705.752736,646.4809135,708.1917556
537,Latin America and the Caribbean,"Agriculture, Forestry and Fishing",Nitrous oxide,299.7004221,308.0554822,304.7648735,317.2505807,324.469351,325.8768313,335.3755092,338.5836912,335.1798113,330.666398,303.5103997,329.1770132
538,Latin America and the Caribbean,Construction,Carbon dioxide,146.2871426,146.9553749,152.6420441,153.4800539,152.0388841,147.7603246,139.74687,135.5490902,134.2462269,132.3689862,118.4459739,112.7582438
539,Latin America and the Caribbean,Construction,Greenhouse gas,218.4302675,220.4370722,226.4295043,227.3854367,225.8523156,220.1755883,210.3038929,204.0679428,201.7118068,197.0710347,175.7502592,171.3334838
540,Latin America and the Caribbean,Construction,Methane,70.8497575,72.19324846,72.4680391,72.55215673,72.47533982,71.08609138,69.21565284,67.17108569,66.12046508,63.36151884,56.06248945,57.20192945
541,Latin America and the Caribbean,Construction,Nitrous oxide,1.293367351,1.288448799,1.319421091,1.353226017,1.33809162,1.329172285,1.341370148,1.347766926,1.345114788,1.340529733,1.241795842,1.373310585
542,Latin America and the Caribbean,"Electricity, Gas, Steam and Air Conditioning Supply",Carbon dioxide,373.2414394,386.8940566,435.9042734,444.8562586,457.5091733,462.5115133,440.2340815,421.9875155,417.6521052,408.4510719,358.0415456,393.4676304
543,Latin America and the Caribbean,"Electricity, Gas, Steam and Air Conditioning Supply",Greenhouse gas,381.0177854,394.9238705,444.5739355,453.927397,466.6478989,471.6080532,449.1555027,430.8457897,426.3494172,417.1417024,365.9954578,402.3529359
544,Latin America and the Caribbean,"Electricity, Gas, Steam and Air Conditioning Supply",Methane,2.194113078,2.327271883,2.501172485,2.744844272,2.690141969,2.645893976,2.52156457,2.507559237,2.432930406,2.465038307,2.339151707,2.513801327
545,Latin America and the Caribbean,"Electricity, Gas, Steam and Air Conditioning Supply",Nitrous oxide,5.582232917,5.702542068,6.168489647,6.326294114,6.448583643,6.450645943,6.399856556,6.350714929,6.264381542,6.225592243,5.614760439,6.371504088
546,Latin America and the Caribbean,Manufacturing,Carbon dioxide,356.2846962,365.2259567,384.6637259,372.9765745,365.2007006,343.490445,339.7585848,355.1208264,341.938875,335.9551453,323.2333756,334.7381556
547,Latin America and the Caribbean,Manufacturing,Fluorinated gases,23.65061372,25.66150419,25.51112949,25.37471034,28.36669798,28.73764097,31.75188635,35.55094856,39.27745494,37.7645232,33.72935214,38.3253046
548,Latin America and the Caribbean,Manufacturing,Greenhouse gas,469.8726567,481.9479283,500.9997125,489.3226727,484.0744231,462.3452184,461.213367,480.9721642,470.4195372,460.4137703,430.9860861,450.4887219
549,Latin America and the Caribbean,Manufacturing,Methane,10.99420613,11.35388069,10.54145417,10.39997436,10.06730958,9.689186759,9.242249607,9.495368858,9.153715148,9.086314498,8.356332605,9.075424487
550,Latin America and the Caribbean,Manufacturing,Nitrous oxide,78.94314057,79.70658672,80.2834029,80.57141354,80.43971486,80.42794574,80.46064625,80.8050204,80.04949211,77.60778734,65.66702575,68.34983722
551,Latin America and the Caribbean,Mining,Carbon dioxide,138.9892667,140.652963,138.0517886,137.9924717,133.4407086,129.3344555,121.827217,121.7880262,119.657739,115.1046996,101.6407238,100.0386305
552,Latin America and the Caribbean,Mining,Greenhouse gas,153.9210957,156.372139,153.9496797,153.9654066,149.1115511,143.8958666,136.0465512,136.0624519,133.3842616,128.6610764,114.5556567,113.7648604
553,Latin America and the Caribbean,Mining,Methane,13.65714838,14.43804914,14.62310042,14.66830748,14.40779706,13.31316751,12.95331498,12.98541437,12.44241142,12.27104714,11.71838955,12.42163103
554,Latin America and the Caribbean,Mining,Nitrous oxide,1.274680656,1.281126911,1.274790631,1.304627436,1.263045468,1.248243548,1.266019251,1.289011301,1.284111205,1.285329676,1.196543353,1.304598805
555,Latin America and the Caribbean,Other Services Industries,Carbon dioxide,193.2618637,199.3469254,209.5470597,209.6711305,213.384363,211.4106408,214.0709599,214.4487161,209.3200468,203.4224962,168.8363275,182.7479594
556,Latin America and the Caribbean,Other Services Industries,Fluorinated gases,10.36671307,10.29142229,11.34878907,12.20349635,13.32253735,14.47510664,15.6306638,16.51115269,17.40707893,17.26692057,16.01879511,17.40212287
557,Latin America and the Caribbean,Other Services Industries,Greenhouse gas,217.1377236,223.0580829,234.5037833,235.2688369,239.776189,239.1397998,243.0467938,244.5690506,240.3269037,234.681154,196.8999069,213.6557805
558,Latin America and the Caribbean,Other Services Industries,Methane,11.39901075,11.27083935,11.34718656,11.12661509,10.76454627,10.90528903,10.98662013,11.22974105,11.22378481,11.59614735,10.23135792,11.43349548
559,Latin America and the Caribbean,Other Services Industries,Nitrous oxide,2.110136084,2.148895865,2.260747947,2.267594906,2.304742306,2.34876333,2.358549971,2.37944071,2.375993093,2.395589873,1.813426359,2.072202764
560,Latin America and the Caribbean,Total Households,Carbon dioxide,363.9319645,371.6572699,389.2646513,388.4367467,398.5945567,396.008941,397.76322,397.4422107,385.4390385,373.3032774,324.3528792,356.1599929
561,Latin America and the Caribbean,Total Households,Fluorinated gases,0.873874225,0.978048555,1.106258561,1.214518572,1.337299136,1.47314067,1.610197853,1.767051048,1.943263322,1.877646159,1.570046532,1.614182668
562,Latin America and the Caribbean,Total Households,Greenhouse gas,378.3483247,386.1952575,404.4507748,403.6873957,414.3042723,411.9727255,413.5371237,413.2518842,401.098283,388.6555861,338.0770692,371.3323008
563,Latin America and the Caribbean,Total Households,Methane,2.632981113,2.662975745,2.75700162,2.726863531,2.764021274,2.735317454,2.722284748,2.640809291,2.590462227,2.490183314,2.288569747,2.582393932
564,Latin America and the Caribbean,Total Households,Nitrous oxide,10.90950484,10.89696333,11.32286332,11.3092669,11.60839514,11.75532636,11.44142112,11.40181317,11.1255189,10.98447924,9.865573729,10.97573126
565,Latin America and the Caribbean,Total Industry and Households,Carbon dioxide,1828.792682,1877.254889,1987.280748,1989.254146,2009.5103,1972.414185,1939.579118,1926.668212,1887.885959,1849.1384,1634.729484,1729.51269
566,Latin America and the Caribbean,Total Industry and Households,Fluorinated gases,37.80214435,40.08673037,41.30992453,42.34181447,46.82644223,48.61285664,53.18431819,58.29917674,63.39477594,61.51510458,55.16964221,61.29978494
567,Latin America and the Caribbean,Total Industry and Households,Greenhouse gas,3408.223158,3483.526932,3603.124696,3633.441661,3675.780148,3652.157489,3637.209097,3630.616694,3595.233134,3529.633699,3159.641499,3387.977017
568,Latin America and the Caribbean,Total Industry and Households,Methane,1126.236065,1141.141213,1150.966676,1165.044564,1174.955448,1184.926754,1188.965427,1186.563293,1189.319603,1171.474773,1065.728336,1160.469255
569,Latin America and the Caribbean,Total Industry and Households,Nitrous oxide,415.3922665,425.0440997,423.5673483,436.8011361,444.4879576,446.2036929,455.4802338,459.0860125,454.6327966,447.5054207,404.0140376,436.6952869
570,Latin America and the Caribbean,Transportation and Storage,Carbon dioxide,212.8865475,222.3477942,225.467529,226.344961,228.140218,227.414945,230.2751047,228.8329872,226.299519,224.773948,185.0203415,192.613969
571,Latin America and the Caribbean,Transportation and Storage,Fluorinated gases,2.910943342,3.155755334,3.34374741,3.549089212,3.79990776,3.926968364,4.191570178,4.470024432,4.766978752,4.606014657,3.851448422,3.958174798
572,Latin America and the Caribbean,Transportation and Storage,Greenhouse gas,224.0812762,234.041171,237.4115722,238.5451212,240.6609502,240.1161758,243.2598072,242.0755298,239.7987871,238.2458566,196.7037381,205.1565066
573,Latin America and the Caribbean,Transportation and Storage,Methane,1.318167061,1.358443099,1.39583286,1.384555252,1.378077957,1.39804722,1.423007692,1.405310753,1.383167416,1.426510384,1.301174679,1.433499472
574,Latin America and the Caribbean,Transportation and Storage,Nitrous oxide,6.965618347,7.179178337,7.204462987,7.266515702,7.342746461,7.376215217,7.370124694,7.367207403,7.349121951,7.439383582,6.530773458,7.150863326
575,Latin America and the Caribbean,"Water supply; sewerage, waste management and remediation activities",Carbon dioxide,11.42239221,11.31307993,19.42689276,20.7030072,22.82484705,21.90565879,21.54039052,17.38331402,18.80338718,21.49059282,21.24469343,20.78007159
576,Latin America and the Caribbean,"Water supply; sewerage, waste management and remediation activities",Greenhouse gas,350.3736254,354.5431286,367.7058438,376.7649856,384.3647372,388.8277632,391.3491297,389.321667,396.3946233,394.0762015,356.7683887,386.3156218
577,Latin America and the Caribbean,"Water supply; sewerage, waste management and remediation activities",Methane,330.3380696,334.4451732,339.3106548,346.9103616,352.266603,357.5315553,360.3420026,362.3770066,367.9319844,363.0252777,326.9499563,355.6153246
578,Latin America and the Caribbean,"Water supply; sewerage, waste management and remediation activities",Nitrous oxide,8.613163571,8.784875479,8.968296226,9.151616797,9.273287146,9.390549183,9.466736566,9.561346437,9.659251713,9.560330983,8.573738907,9.920225632
622,Northern America,"Agriculture, Forestry and Fishing",Carbon dioxide,67.94926766,67.07615547,68.80341577,67.49292067,68.81233551,68.52777973,68.02945562,68.85096118,69.95634154,70.0715244,67.49402504,70.40253039
623,Northern America,"Agriculture, Forestry and Fishing",Greenhouse gas,709.879706,690.3028623,673.6889014,717.0499586,726.5872314,732.4842959,721.9186634,722.7701379,740.8755281,747.868605,678.5235289,712.4814798
624,Northern America,"Agriculture, Forestry and Fishing",Methane,275.0125897,268.4714509,268.0201802,263.0961717,262.7068444,269.2460346,276.188124,279.1661893,283.737504,284.3740434,256.4076562,274.4604795
625,Northern America,"Agriculture, Forestry and Fishing",Nitrous oxide,366.9178486,354.7552559,336.8653054,386.4608663,395.0680515,394.7104816,377.7010838,374.7529874,387.1816826,393.4230372,354.6218476,367.6184699
626,Northern America,Construction,Carbon dioxide,231.1492005,205.3506354,209.305747,218.0237391,214.5392279,228.5826987,249.5385994,249.4653297,251.4529434,257.0221311,236.9992199,241.7473023
627,Northern America,Construction,Greenhouse gas,234.0473346,208.0040631,211.786357,220.4016587,216.8101881,230.8263638,251.8002531,251.5923096,253.4497649,258.9379286,238.7244939,243.4875796
628,Northern America,Construction,Methane,0.478131516,0.433972992,0.431680497,0.441009046,0.43440847,0.467512088,0.500737591,0.486538125,0.469006324,0.464576755,0.41828639,0.42459059
629,Northern America,Construction,Nitrous oxide,2.420002569,2.219454703,2.048929534,1.936910565,1.836551821,1.776152994,1.760916088,1.640441766,1.527815252,1.451220753,1.306987608,1.315686714
630,Northern America,"Electricity, Gas, Steam and Air Conditioning Supply",Carbon dioxide,2390.050465,2283.926037,2144.694984,2157.715033,2155.190229,2029.681036,1927.3819,1845.539422,1856.684823,1710.582534,1501.745546,1562.062597
631,Northern America,"Electricity, Gas, Steam and Air Conditioning Supply",Greenhouse gas,2496.700786,2380.604024,2235.215221,2251.097769,2246.591679,2132.794901,2035.335611,1944.061781,1951.14088,1804.945387,1586.731949,1650.419396
632,Northern America,"Electricity, Gas, Steam and Air Conditioning Supply",Methane,75.77926077,67.08044883,63.32141749,64.11764096,61.87961063,75.91968932,81.13472901,73.18273035,69.51446453,72.73880407,65.50791083,66.59654079
633,Northern America,"Electricity, Gas, Steam and Air Conditioning Supply",Nitrous oxide,30.87106062,29.59753774,27.19881887,29.26509483,29.52183913,27.19417592,26.81898156,25.33962842,24.94159231,21.62404892,19.47849261,21.76025803
634,Northern America,Manufacturing,Carbon dioxide,946.1683394,966.8467673,969.0556677,982.091562,971.4473427,949.1465373,934.740028,924.6331321,949.2855962,956.6017315,917.9520622,942.3063835
635,Northern America,Manufacturing,Fluorinated gases,3.789060533,3.955733495,4.372132821,4.868899867,4.429233926,4.534996459,4.396674692,3.916291128,4.081422903,4.180707762,3.811342743,4.506927745
636,Northern America,Manufacturing,Greenhouse gas,984.3181643,1012.827834,1009.836835,1022.175964,1011.240625,984.9730602,970.3410169,959.8156753,988.477121,990.4551768,948.5053952,973.2322809
637,Northern America,Manufacturing,Methane,11.66324091,13.96256463,13.77668877,13.92674891,12.59042045,9.246495781,8.061696867,8.803687084,9.426240943,8.738637689,7.872353438,8.625464604
638,Northern America,Manufacturing,Nitrous oxide,22.6975235,28.06276843,22.63234599,21.28875296,22.77362817,22.0450307,23.14261739,22.46256498,25.68386091,20.93409985,18.86963678,17.79350502
639,Northern America,Mining,Carbon dioxide,191.9284364,208.6919561,215.9792382,228.1895353,234.3678163,208.5086603,182.5283242,201.4754168,224.280494,226.0215818,208.8597149,224.0528714
640,Northern America,Mining,Greenhouse gas,419.7901973,433.3745104,438.7442511,453.0864184,461.3701159,414.0416039,367.9456572,397.5284517,425.9844114,422.6293611,386.3735223,399.2672162
641,Northern America,Mining,Methane,226.3118361,223.0507075,221.0980093,223.2159117,225.236633,203.9314719,183.9081131,194.4677585,200.0096075,194.9272387,175.9919761,173.600979
642,Northern America,Mining,Nitrous oxide,1.549924799,1.631846785,1.667003662,1.680971404,1.765666612,1.601471759,1.509219876,1.585276368,1.694309926,1.680540582,1.521831302,1.61336585
643,Northern America,Other Services Industries,Carbon dioxide,582.2083195,568.5364477,543.9651096,572.2801501,594.8864982,617.3671822,598.3280224,610.7042931,642.5715503,651.9758111,587.41797,606.6646542
644,Northern America,Other Services Industries,Fluorinated gases,3.426919453,3.702808776,3.84314084,4.322368029,5.03736514,5.151326134,5.281663207,5.896451051,6.516580454,6.586331016,6.004429477,6.240873102
645,Northern America,Other Services Industries,Greenhouse gas,611.4435401,596.4952415,571.538266,601.1102022,624.5105233,649.4757904,631.0382793,642.5932608,672.9387665,683.5333305,615.9143176,637.4005312
646,Northern America,Other Services Industries,Methane,18.40794984,17.18800031,17.09066892,18.18904534,18.43131333,20.95867569,21.59020027,20.35980904,18.44152091,19.67258143,17.71727906,19.34403177
647,Northern America,Other Services Industries,Nitrous oxide,7.400351349,7.067984728,6.639346624,6.318638729,6.155346618,5.998606371,5.838393448,5.632707655,5.409114773,5.298607005,4.77463913,5.150972101
648,Northern America,Total Households,Carbon dioxide,1096.788866,1082.331545,1031.957733,1078.368298,1113.503036,1082.918623,1071.317505,1072.013354,1127.947226,1120.011124,1015.665515,1027.51825
649,Northern America,Total Households,Fluorinated gases,0.332051987,0.409573091,0.518261021,0.621858511,0.654791576,0.688473721,0.780018232,0.973417657,1.23114424,1.330381658,1.212842601,1.32246184
650,Northern America,Total Households,Greenhouse gas,1120.390729,1105.049956,1051.990929,1098.415458,1132.167413,1099.886513,1086.614893,1086.322762,1142.60164,1134.095129,1028.39253,1041.400476
651,Northern America,Total Households,Methane,7.231853646,7.136008667,6.223901421,7.328187475,7.351988931,6.704976314,5.979905318,5.784686341,6.573068244,6.620033107,5.979148544,5.714843035
652,Northern America,Total Households,Nitrous oxide,16.03795817,15.17282914,13.29103328,12.09711399,10.65759658,9.574440393,8.537465166,7.551304559,6.850201306,6.133590402,5.535023989,6.844921389
653,Northern America,Total Industry and Households,Carbon dioxide,6256.501367,6131.961232,5928.627957,6068.21671,6114.518708,5966.464426,5829.714555,5799.687677,5977.282297,5861.123263,5283.153212,5492.791324
654,Northern America,Total Industry and Households,Fluorinated gases,10.30913023,11.03892545,11.80804495,12.69291106,13.00637353,13.11711198,13.15921181,13.49696684,14.63334671,14.77469298,13.46935067,14.87283093
655,Northern America,Total Industry and Households,Greenhouse gas,7548.788839,7389.05403,7152.697564,7339.445912,7392.843562,7237.6673,7071.758798,7042.73176,7243.320779,7127.930443,6426.881469,6689.316938
656,Northern America,Total Industry and Households,Methane,793.9372651,767.3071173,761.0815491,758.275757,756.3048517,754.1192574,741.5032991,747.3109616,754.937933,757.8263593,684.7765592,714.2623327
657,Northern America,Total Industry and Households,Nitrous oxide,488.0410774,478.7467551,451.1800129,500.2605339,509.0136291,503.9665043,487.381732,482.2361537,496.4672027,494.2061277,445.4823476,467.3904506
658,Northern America,Transportation and Storage,Carbon dioxide,733.4164625,732.6855608,728.4237019,747.4658189,744.5573399,764.2795685,780.2157648,808.8906355,836.52776,850.2018199,732.3940226,799.8623346
659,Northern America,Transportation and Storage,Fluorinated gases,2.761098254,2.970810092,3.074510263,2.879784651,2.884982892,2.742315667,2.700855675,2.710807004,2.804199114,2.677272546,2.440735844,2.802568245
660,Northern America,Transportation and Storage,Greenhouse gas,763.5301145,762.7193935,758.5534564,778.0680391,775.2998196,795.5368816,811.8225096,840.5659439,867.6727081,882.2894881,762.5947529,829.9064136
661,Northern America,Transportation and Storage,Methane,12.82339357,12.69811261,12.91351332,13.48353102,13.92007145,15.00785482,15.07450477,14.57803652,13.64026659,14.48584055,14.27368116,13.24355918
662,Northern America,Transportation and Storage,Nitrous oxide,14.52916012,14.36490997,14.14173087,14.23890452,13.93742529,13.50714266,13.83138433,14.38646485,14.70048243,14.92455507,13.48631331,13.99795158
663,Northern America,"Water supply; sewerage, waste management and remediation activities",Carbon dioxide,16.84201029,16.51612714,16.44235922,16.58965258,17.21488199,17.45234119,17.63495553,18.11513324,18.57556183,18.63500517,14.62513615,18.17440068
664,Northern America,"Water supply; sewerage, waste management and remediation activities",Greenhouse gas,208.6882669,199.6761457,201.3433471,198.0404441,198.2659664,197.6478901,194.941914,197.4814373,200.179959,203.1760368,181.1209789,201.721565
665,Northern America,"Water supply; sewerage, waste management and remediation activities",Methane,166.229009,157.2858509,158.2054893,154.4775109,153.753561,152.6365469,149.0652881,150.4815263,153.126254,155.8046037,140.6082674,152.2518442
666,Northern America,"Water supply; sewerage, waste management and remediation activities",Nitrous oxide,25.6172476,25.87416768,26.69549866,26.97328063,27.29752339,27.55900196,28.24167039,28.88477769,28.4781432,28.73642793,25.88757532,31.29532005
707,Oceania,"Agriculture, Forestry and Fishing",Carbon dioxide,11.57085025,11.81387751,12.03310459,11.99193814,12.50943282,12.84292673,13.18670842,13.98891129,13.77773219,12.71502691,12.07211699,14.70137277
708,Oceania,"Agriculture, Forestry and Fishing",Greenhouse gas,118.2353361,123.6628955,126.2447348,126.613135,127.542636,123.9840873,122.9671414,127.5776293,126.3549282,121.7833943,112.1265524,124.2321811
709,Oceania,"Agriculture, Forestry and Fishing",Methane,87.12594926,90.87765535,92.62670348,93.20186898,92.87912849,89.62009546,88.1034035,90.2585933,90.414837,87.7252553,80.44488494,85.70138282
710,Oceania,"Agriculture, Forestry and Fishing",Nitrous oxide,19.53853659,20.97136267,21.58492672,21.41932792,22.15407466,21.52106513,21.67702949,23.33012476,22.16235903,21.3431121,19.6095505,23.82942549
711,Oceania,Construction,Carbon dioxide,3.086119333,3.199630183,3.184671121,3.169384411,3.737927987,3.478742356,3.513868252,3.66400513,3.929012317,4.092998335,3.866476582,3.875295495
712,Oceania,Construction,Greenhouse gas,3.304074134,3.417278625,3.390710491,3.351444813,4.827230935,5.832573393,6.128100513,6.395833385,7.178705492,7.434497467,7.160552628,7.30528123
713,Oceania,Construction,Methane,0.181433894,0.17998057,0.168529866,0.145075173,1.050023711,2.31674082,2.576702409,2.693452754,3.208915764,3.30080474,3.256401997,3.392177899
714,Oceania,Construction,Nitrous oxide,0.036520907,0.037667872,0.037509504,0.036985229,0.039279237,0.037090217,0.037529852,0.038375501,0.040777411,0.040694392,0.03767405,0.037807837
715,Oceania,"Electricity, Gas, Steam and Air Conditioning Supply",Carbon dioxide,213.7229281,205.7634415,207.7729489,194.5752952,188.1864477,196.8855561,201.9343679,197.965382,191.6874735,189.635382,177.5179003,177.8463251
716,Oceania,"Electricity, Gas, Steam and Air Conditioning Supply",Greenhouse gas,215.4702526,207.5197905,209.5910147,196.3132694,190.0159616,198.5799597,203.8243388,199.7867295,193.4324866,191.3098054,179.0668378,179.4345209
717,Oceania,"Electricity, Gas, Steam and Air Conditioning Supply",Methane,0.685362507,0.586857679,0.67812826,0.629703881,0.773303907,0.850995192,1.04276708,0.994270235,1.000151878,0.945488384,0.864296881,0.88460861
718,Oceania,"Electricity, Gas, Steam and Air Conditioning Supply",Nitrous oxide,1.061962023,1.169491324,1.139937495,1.108270267,1.056209933,0.84340841,0.84720385,0.827077272,0.744861244,0.728935044,0.68464056,0.703587225
719,Oceania,Manufacturing,Carbon dioxide,79.91728589,81.18422653,80.70040654,82.00025135,82.28762573,77.11991899,74.57551939,74.64049456,74.65877094,74.92399199,70.26386944,73.72613003
720,Oceania,Manufacturing,Fluorinated gases,0.564494859,0.609882426,0.568228386,0.490220133,0.503450012,0.5574983,0.553898072,0.59181344,0.626714209,0.774254065,0.729754469,0.697900835
721,Oceania,Manufacturing,Greenhouse gas,84.52357639,85.2692394,84.66337639,84.96920321,85.24955873,80.26040695,77.601147,77.83255477,78.15312421,78.9733118,74.04225036,77.60776776
722,Oceania,Manufacturing,Methane,0.358433411,0.365111149,0.41016673,0.406778708,0.461690336,0.441409076,0.462281306,0.462255227,0.441367194,0.439069674,0.399487319,0.428833375
723,Oceania,Manufacturing,Nitrous oxide,3.683362232,3.11001929,2.984574737,2.071953024,1.996792651,2.141580576,2.009448233,2.137991543,2.426271873,2.835996075,2.649139127,2.754903524
724,Oceania,Mining,Carbon dioxide,23.30712952,24.15867827,25.78182422,28.0600437,29.55668239,30.75003846,34.13808806,40.35604842,44.94875299,51.89290618,48.51292718,50.55382253
725,Oceania,Mining,Greenhouse gas,56.23139987,55.95612681,57.86937266,60.05969019,59.24677839,63.67340968,67.17278536,72.92754915,78.32288659,83.59250961,78.10332207,80.18646195
726,Oceania,Mining,Methane,32.77916263,31.64594834,31.90636627,31.78731124,29.47257234,32.69965461,32.79241971,32.28552414,33.07342716,31.36186232,29.27490072,29.29760213
727,Oceania,Mining,Nitrous oxide,0.145107716,0.151500202,0.181182164,0.212335244,0.217523662,0.223716605,0.242277581,0.285976591,0.300706443,0.337741107,0.315494169,0.335037301
728,Oceania,Other Services Industries,Carbon dioxide,10.29727173,10.84046566,11.35627244,11.11730239,11.39655056,11.57251524,11.94277602,11.72811314,11.88278194,11.74532983,10.83661287,12.09819556
729,Oceania,Other Services Industries,Fluorinated gases,5.103984422,5.66288862,5.354232724,5.975497476,6.455788322,7.352483065,7.438367984,7.499283542,7.596709919,8.552019386,7.989052372,8.751807737
730,Oceania,Other Services Industries,Greenhouse gas,15.91936477,16.99644267,17.20810736,17.59518684,18.35687036,19.4222852,19.8753645,19.72928844,19.99998515,20.83651015,19.34487866,21.42183342
731,Oceania,Other Services Industries,Methane,0.392265465,0.361584783,0.359986507,0.363944041,0.369461359,0.359888679,0.35519862,0.361889931,0.36223746,0.376303837,0.370487658,0.420362961
732,Oceania,Other Services Industries,Nitrous oxide,0.125843155,0.131503614,0.137615692,0.138442937,0.135070115,0.137398218,0.139021875,0.140001831,0.158255834,0.162857095,0.148725755,0.151467164
733,Oceania,Total Households,Carbon dioxide,62.67338997,64.42247619,64.83322162,63.88392771,63.98348463,66.51340182,67.34122038,69.15823636,68.30799474,68.40983977,63.16607709,67.14916856
734,Oceania,Total Households,Fluorinated gases,1.364346926,1.442408231,1.475348801,1.58204539,1.845007634,1.993274598,2.185726964,2.198610316,2.342005756,2.519825756,2.353406851,2.585949774
735,Oceania,Total Households,Greenhouse gas,66.95304142,68.67161788,69.03385722,68.07301277,68.31091085,70.89590148,71.81985108,73.56853771,72.69754965,72.92582788,67.38101444,71.59333151
736,Oceania,Total Households,Methane,1.389770655,1.318075002,1.305425707,1.286454359,1.264754573,1.231479297,1.215557351,1.203031706,1.173573871,1.163243082,1.078769131,1.065745892
737,Oceania,Total Households,Nitrous oxide,1.525533868,1.488658455,1.419861099,1.320585306,1.21766401,1.157745765,1.077346385,1.008659332,0.873975282,0.832919271,0.782761371,0.792467275
738,Oceania,Total Industry and Households,Carbon dioxide,472.2956736,471.9080093,476.7787883,466.2159196,464.644696,473.7030316,482.5516204,488.8089999,488.3523313,493.2734386,457.4699796,477.2808196
739,Oceania,Total Industry and Households,Fluorinated gases,8.335037313,9.053942678,8.667941229,9.395723261,10.30112907,11.50100654,11.80905372,11.84962046,12.10196843,13.51320437,12.62921687,13.74419712
740,Oceania,Total Industry and Households,Greenhouse gas,651.4041879,654.4361588,659.9384168,648.6320303,647.9170627,659.5088046,668.4741832,678.5308004,679.0697739,680.7741201,631.0448092,663.2344191
741,Oceania,Total Industry and Households,Methane,142.7638796,144.4672386,145.014494,144.7153858,144.0700088,146.051141,145.8154825,147.8037949,149.6440338,145.4023043,134.6014371,141.3598466
742,Oceania,Total Industry and Households,Nitrous oxide,28.00959732,29.00696832,29.47719325,28.30500161,28.90122884,28.25362553,28.2980266,30.06838514,28.97144036,28.58517281,26.3441756,30.84955578
743,Oceania,Transportation and Storage,Carbon dioxide,67.58147217,70.38431683,70.95276176,71.25306424,72.57617379,74.34108324,75.67494156,77.12927244,78.97894683,79.7119889,71.09780078,77.19655575
744,Oceania,Transportation and Storage,Fluorinated gases,1.302211106,1.338763401,1.270131318,1.347960262,1.496883102,1.597750572,1.631060698,1.559913157,1.536538542,1.667105163,1.557003179,1.708538773
745,Oceania,Transportation and Storage,Greenhouse gas,70.58717519,73.46330005,73.95484851,74.33891508,75.8293397,77.75772369,79.1558961,80.56405432,82.35397393,83.2348951,74.36293043,80.74783623
746,Oceania,Transportation and Storage,Methane,0.424069268,0.42382193,0.419096876,0.413183995,0.40104792,0.409147271,0.415721538,0.41519532,0.395143512,0.38789613,0.368573423,0.379490402
747,Oceania,Transportation and Storage,Nitrous oxide,1.279422647,1.316397891,1.312858561,1.324706584,1.355234883,1.4097426,1.4341723,1.459673406,1.443345053,1.467904907,1.33955305,1.463251305
748,Oceania,"Water supply; sewerage, waste management and remediation activities",Carbon dioxide,0.139226663,0.140896603,0.163577094,0.164712449,0.410370344,0.198848635,0.244130402,0.178536591,0.180865861,0.145974745,0.136198387,0.1339538
749,Oceania,"Water supply; sewerage, waste management and remediation activities",Greenhouse gas,20.17996737,19.47946737,17.98239464,17.31817296,18.53777616,19.1024572,19.92955842,20.14862382,20.57613404,20.68336839,19.45647048,20.70520496
750,Oceania,"Water supply; sewerage, waste management and remediation activities",Methane,19.42743253,18.70820377,17.14009026,16.48106541,17.39802613,18.12173056,18.85143098,19.12958233,19.57437998,19.70238082,18.54363507,19.7896425
751,Oceania,"Water supply; sewerage, waste management and remediation activities",Nitrous oxide,0.613308178,0.630366997,0.678727277,0.672395103,0.729379691,0.781878006,0.833997034,0.840504903,0.82088819,0.835012824,0.776637016,0.781608661
